INSERT INTO T_USER (ID, USERNAME, ENC_PASSWORD) VALUES (1, 'user1', '18aab3392031eab3c193e9f24ed43897'); -- Pass=user1
INSERT INTO T_USER (ID, USERNAME, ENC_PASSWORD) VALUES (2, 'user2', 'b1f4cdf12f5cfc7b8995e7c6a925d456'); -- Pass=user2
INSERT INTO T_USER (ID, USERNAME, ENC_PASSWORD) VALUES (3, 'user3', 'fc9851ca816239d01637b91e92ea6add'); -- Pass=user3
INSERT INTO T_USER (ID, USERNAME, ENC_PASSWORD) VALUES (4, 'user4', '36de1977776ec647343ec572983a3c4f'); -- Pass=user4
INSERT INTO T_USER (ID, USERNAME, ENC_PASSWORD) VALUES (5, 'user5', '85ae84f7457a53b88e7cabc774b2b504'); -- Pass=user5

INSERT INTO T_RELATION (FOLLOWER_ID, FOLLOWED_ID) VALUES (1, 2);
INSERT INTO T_RELATION (FOLLOWER_ID, FOLLOWED_ID) VALUES (1, 3);
INSERT INTO T_RELATION (FOLLOWER_ID, FOLLOWED_ID) VALUES (1, 4);
INSERT INTO T_RELATION (FOLLOWER_ID, FOLLOWED_ID) VALUES (2, 1);
INSERT INTO T_RELATION (FOLLOWER_ID, FOLLOWED_ID) VALUES (5, 1);
INSERT INTO T_RELATION (FOLLOWER_ID, FOLLOWED_ID) VALUES (3, 1);

INSERT INTO T_RING (ID, USER_ID, CONTENT, TIMESTAMP) VALUES (1, 1, 'Ring 1 User 1', '2010-09-12 10:10:10+1:00');
INSERT INTO T_RING (ID, USER_ID, CONTENT, TIMESTAMP) VALUES (2, 1, 'Ring 2 User 1', '2010-10-11 10:10:10+1:00');
INSERT INTO T_RING (ID, USER_ID, CONTENT, TIMESTAMP) VALUES (3, 1, 'Ring 3 User 1', '2010-11-09 10:10:10+1:00');
INSERT INTO T_RING (ID, USER_ID, CONTENT, TIMESTAMP) VALUES (4, 2, 'Ring 1 User 2', '2011-09-12 10:10:10+1:00');
INSERT INTO T_RING (ID, USER_ID, CONTENT, TIMESTAMP) VALUES (5, 2, 'Ring 2 User 2', '2011-10-11 10:10:10+1:00');
INSERT INTO T_RING (ID, USER_ID, CONTENT, TIMESTAMP) VALUES (6, 2, 'Ring 3 User 2', '2011-11-09 10:10:10+1:00');
INSERT INTO T_RING (ID, USER_ID, CONTENT, TIMESTAMP) VALUES (7, 3, 'Ring 1 User 3', '2012-09-12 10:10:10+1:00');
INSERT INTO T_RING (ID, USER_ID, CONTENT, TIMESTAMP) VALUES (8, 3, 'Ring 2 User 3', '2012-10-11 10:10:10+1:00');
INSERT INTO T_RING (ID, USER_ID, CONTENT, TIMESTAMP) VALUES (9, 3, 'Ring 3 User 3', '2012-11-09 10:10:10+1:00');
INSERT INTO T_RING (ID, USER_ID, CONTENT, TIMESTAMP) VALUES (10, 4, 'Ring 1 User 4', '2013-09-12 10:10:10+1:00');
INSERT INTO T_RING (ID, USER_ID, CONTENT, TIMESTAMP) VALUES (11, 4, 'Ring 2 User 4', '2013-10-11 10:10:10+1:00');
INSERT INTO T_RING (ID, USER_ID, CONTENT, TIMESTAMP) VALUES (12, 4, 'Ring 3 User 4', '2013-11-09 10:10:10+1:00');
INSERT INTO T_RING (ID, USER_ID, CONTENT, TIMESTAMP) VALUES (13, 5, 'Ring 1 User 5', '2014-09-12 10:10:10+1:00');
INSERT INTO T_RING (ID, USER_ID, CONTENT, TIMESTAMP) VALUES (14, 5, 'Ring 2 User 5', '2014-10-11 10:10:10+1:00');
INSERT INTO T_RING (ID, USER_ID, CONTENT, TIMESTAMP) VALUES (15, 5, 'Ring 3 User 5', '2014-11-09 10:10:10+1:00');
